<?xml version="1.0" encoding="UTF-8"?>
<faces-config xmlns="http://java.sun.com/xml/ns/javaee"
	xmlns:xsi="http://www.w3.org/2001/XMLSchema-instance"
	xsi:schemaLocation="http://java.sun.com/xml/ns/javaee 
                                  http://java.sun.com/xml/ns/javaee/web-facesconfig_2_0.xsd"
	version="2.0">

	<managed-bean>
		<managed-bean-name>doctor</managed-bean-name>
		<managed-bean-class>com.java.jsf.model.Doctor</managed-bean-class>
		<managed-bean-scope>session</managed-bean-scope>
	</managed-bean>

	<managed-bean>
		<managed-bean-name>doctorDao</managed-bean-name>
		<managed-bean-class>com.java.jsf.Dao.DoctorDaoImpl</managed-bean-class>
		<managed-bean-scope>session</managed-bean-scope>
	</managed-bean>
	
	<managed-bean>
		<managed-bean-name>doctorController</managed-bean-name>
		<managed-bean-class>com.java.jsf.controller.DoctorController</managed-bean-class>
		<managed-bean-scope>session</managed-bean-scope>
	</managed-bean>
	
	

	<managed-bean>
		<managed-bean-name>doctorController</managed-bean-name>
		<managed-bean-class>com.java.jsf.controller.DoctorController</managed-bean-class>
		<managed-bean-scope>session</managed-bean-scope>

		<managed-property>
			<property-name>doctordao</property-name>
			<property-class>com.java.jsf.Dao.DoctorDaoImpl</property-class>
			<value>#{doctorDao}</value>
		</managed-property>
		
		<managed-property>
			<property-name>doctor</property-name>
			<property-class>com.java.jsf.model.Doctor</property-class>
			<value>#{doctor}</value>
		</managed-property>
	</managed-bean>

</faces-config>
