<?xml version="1.0"?>
<!DOCTYPE hibernate-mapping PUBLIC 
    "-//Hibernate/Hibernate Mapping DTD 3.0//EN" 
    "http://hibernate.sourceforge.net/hibernate-mapping-3.0.dtd">

<hibernate-mapping>

    <class name="com.java.jsf.model.MedicationHistory" table="MedicationHistory">

        <id name="medId" type="java.lang.String">
            <column name="MedId"/>
        </id>

        <many-to-one name="patient" class="com.java.jsf.model.Patient" column="PatientId" not-null="true"/>

        <property name="medicines" type="java.lang.String">
            <column name="Medicines"/>
        </property>

        <property name="tests" type="java.lang.String">
            <column name="Tests"/>
        </property>

    </class>

    <query name="searchByMedId">
        from MedicationHistory where medId = :medId
    </query>

</hibernate-mapping>
